{"cameraMode":{"drawMode":0,"name":"Shaded","section":"Shading Mode"},"sceneLighting":true,"audioPlay":false,"sceneViewState":{"showFog":true,"showMaterialUpdate":false,"showSkybox":true,"showFlares":true,"showImageEffects":true,"showParticleSystems":true},"in2DMode":false,"pivot":{"x":4.829068660736084,"y":-11.146117210388184,"z":5.4924163818359379},"rotation":{"x":-0.3777121901512146,"y":0.11125748604536057,"z":-0.045773111283779147,"w":-0.9180741906166077},"size":28.095779418945314,"orthographic":false}